country,region,risk_score,narrative_en,narrative_fr
Ethiopia,Somali Region,70.8,"📍 HEALTH INTELLIGENCE BRIEF — SOMALI REGION, ETHIOPIA
═══════════════════════════════════════════════════════
Generated: April 10, 2026 at 08:42 | Risk Score: 71/100

SITUATION
Somali Region warrants urgent monitoring with no active alerts at this time.
The primary disease of concern is Cholera, with 23,892 total
cases reported in this reporting period. The current risk classification
is 🔴 Critical Hotspots.

EVIDENCE
- Risk Score: 70.8/100 — 🟡 Elevated
- Active Outbreak Alerts: 0
- Primary Disease: Cholera
- Response Priority: IMMEDIATE

RECOMMENDED ACTION
Based on current data patterns, health authorities should respond
within the next 72 hours. Preventive measures and increased surveillance are advised.

RESOURCE ALLOCATION (This Region — Monthly)
- Vaccines:           1,233 doses
- Medicine Kits:      197 kits  
- Ambulances:         1 mobile units
- Medical Personnel:  5 deployable workers
- Budget:             $49,300
═══════════════════════════════════════════════════════","📍 RAPPORT DE RENSEIGNEMENT SANITAIRE — SOMALI REGION, ETHIOPIA
═══════════════════════════════════════════════════════
Généré: 10 April 2026 à 08:42 | Score de risque: 71/100

SITUATION
Somali Region nécessite une surveillance urgente sans alertes actives pour le moment.
La maladie prioritaire est Cholera, avec 23,892 cas
signalés. Classification actuelle: 🔴 Critical Hotspots.

ACTIONS RECOMMANDÉES
Les autorités sanitaires doivent intervenir dans les prochaines 72 heures.

ALLOCATION DES RESSOURCES (Région — Mensuel)
- Vaccins:            1,233 doses
- Kits médicaux:      197 kits
- Ambulances:         1 unités mobiles
- Personnel médical:  5 agents de santé
- Budget:             $49,300
═══════════════════════════════════════════════════════"
Ethiopia,Afar,65.4,"📍 HEALTH INTELLIGENCE BRIEF — AFAR, ETHIOPIA
═══════════════════════════════════════════════════════
Generated: April 10, 2026 at 08:42 | Risk Score: 65/100

SITUATION
Afar warrants urgent monitoring with no active alerts at this time.
The primary disease of concern is Cholera, with 19,570 total
cases reported in this reporting period. The current risk classification
is 🟠 High Burden Zones.

EVIDENCE
- Risk Score: 65.4/100 — 🟡 Elevated
- Active Outbreak Alerts: 0
- Primary Disease: Cholera
- Response Priority: URGENT

RECOMMENDED ACTION
Based on current data patterns, health authorities should respond
within the next 72 hours. Preventive measures and increased surveillance are advised.

RESOURCE ALLOCATION (This Region — Monthly)
- Vaccines:           1,026 doses
- Medicine Kits:      164 kits  
- Ambulances:         1 mobile units
- Medical Personnel:  4 deployable workers
- Budget:             $41,000
═══════════════════════════════════════════════════════","📍 RAPPORT DE RENSEIGNEMENT SANITAIRE — AFAR, ETHIOPIA
═══════════════════════════════════════════════════════
Généré: 10 April 2026 à 08:42 | Score de risque: 65/100

SITUATION
Afar nécessite une surveillance urgente sans alertes actives pour le moment.
La maladie prioritaire est Cholera, avec 19,570 cas
signalés. Classification actuelle: 🟠 High Burden Zones.

ACTIONS RECOMMANDÉES
Les autorités sanitaires doivent intervenir dans les prochaines 72 heures.

ALLOCATION DES RESSOURCES (Région — Mensuel)
- Vaccins:            1,026 doses
- Kits médicaux:      164 kits
- Ambulances:         1 unités mobiles
- Personnel médical:  4 agents de santé
- Budget:             $41,000
═══════════════════════════════════════════════════════"
Senegal,Diourbel,54.9,"📍 HEALTH INTELLIGENCE BRIEF — DIOURBEL, SENEGAL
═══════════════════════════════════════════════════════
Generated: April 10, 2026 at 08:42 | Risk Score: 55/100

SITUATION
Diourbel should be monitored closely with 2 alert requiring investigation.
The primary disease of concern is Cholera, with 2,982 total
cases reported in this reporting period. The current risk classification
is 🟢 Stable Regions.

EVIDENCE
- Risk Score: 54.9/100 — 🟢 Within manageable range
- Active Outbreak Alerts: 2
- Primary Disease: Cholera
- Response Priority: ROUTINE

RECOMMENDED ACTION
Based on current data patterns, health authorities should respond
over the coming week. Continue routine monitoring and maintain supply readiness.

RESOURCE ALLOCATION (This Region — Monthly)
- Vaccines:           689 doses
- Medicine Kits:      110 kits  
- Ambulances:         1 mobile units
- Medical Personnel:  3 deployable workers
- Budget:             $27,600
═══════════════════════════════════════════════════════","📍 RAPPORT DE RENSEIGNEMENT SANITAIRE — DIOURBEL, SENEGAL
═══════════════════════════════════════════════════════
Généré: 10 April 2026 à 08:42 | Score de risque: 55/100

SITUATION
Diourbel devrait être surveillé de près avec 2 alerte nécessitant une enquête.
La maladie prioritaire est Cholera, avec 2,982 cas
signalés. Classification actuelle: 🟢 Stable Regions.

ACTIONS RECOMMANDÉES
Les autorités sanitaires doivent intervenir au cours de la semaine à venir.

ALLOCATION DES RESSOURCES (Région — Mensuel)
- Vaccins:            689 doses
- Kits médicaux:      110 kits
- Ambulances:         1 unités mobiles
- Personnel médical:  3 agents de santé
- Budget:             $27,600
═══════════════════════════════════════════════════════"
Zambia,Northern Province,53.9,"📍 HEALTH INTELLIGENCE BRIEF — NORTHERN PROVINCE, ZAMBIA
═══════════════════════════════════════════════════════
Generated: April 10, 2026 at 08:42 | Risk Score: 54/100

SITUATION
Northern Province should be monitored closely with 2 alert requiring investigation.
The primary disease of concern is Meningitis, with 3,453 total
cases reported in this reporting period. The current risk classification
is 🟢 Stable Regions.

EVIDENCE
- Risk Score: 53.9/100 — 🟢 Within manageable range
- Active Outbreak Alerts: 2
- Primary Disease: Meningitis
- Response Priority: ROUTINE

RECOMMENDED ACTION
Based on current data patterns, health authorities should respond
over the coming week. Continue routine monitoring and maintain supply readiness.

RESOURCE ALLOCATION (This Region — Monthly)
- Vaccines:           685 doses
- Medicine Kits:      110 kits  
- Ambulances:         1 mobile units
- Medical Personnel:  3 deployable workers
- Budget:             $27,400
═══════════════════════════════════════════════════════","📍 RAPPORT DE RENSEIGNEMENT SANITAIRE — NORTHERN PROVINCE, ZAMBIA
═══════════════════════════════════════════════════════
Généré: 10 April 2026 à 08:42 | Score de risque: 54/100

SITUATION
Northern Province devrait être surveillé de près avec 2 alerte nécessitant une enquête.
La maladie prioritaire est Meningitis, avec 3,453 cas
signalés. Classification actuelle: 🟢 Stable Regions.

ACTIONS RECOMMANDÉES
Les autorités sanitaires doivent intervenir au cours de la semaine à venir.

ALLOCATION DES RESSOURCES (Région — Mensuel)
- Vaccins:            685 doses
- Kits médicaux:      110 kits
- Ambulances:         1 unités mobiles
- Personnel médical:  3 agents de santé
- Budget:             $27,400
═══════════════════════════════════════════════════════"
DRC,Kisangani,53.6,"📍 HEALTH INTELLIGENCE BRIEF — KISANGANI, DRC
═══════════════════════════════════════════════════════
Generated: April 10, 2026 at 08:42 | Risk Score: 54/100

SITUATION
Kisangani should be monitored closely with 1 alert requiring investigation.
The primary disease of concern is Meningitis, with 11,289 total
cases reported in this reporting period. The current risk classification
is 🔴 Critical Hotspots.

EVIDENCE
- Risk Score: 53.6/100 — 🟢 Within manageable range
- Active Outbreak Alerts: 1
- Primary Disease: Meningitis
- Response Priority: IMMEDIATE

RECOMMENDED ACTION
Based on current data patterns, health authorities should respond
over the coming week. Continue routine monitoring and maintain supply readiness.

RESOURCE ALLOCATION (This Region — Monthly)
- Vaccines:           1,055 doses
- Medicine Kits:      169 kits  
- Ambulances:         1 mobile units
- Medical Personnel:  4 deployable workers
- Budget:             $42,200
═══════════════════════════════════════════════════════","📍 RAPPORT DE RENSEIGNEMENT SANITAIRE — KISANGANI, DRC
═══════════════════════════════════════════════════════
Généré: 10 April 2026 à 08:42 | Score de risque: 54/100

SITUATION
Kisangani devrait être surveillé de près avec 1 alerte nécessitant une enquête.
La maladie prioritaire est Meningitis, avec 11,289 cas
signalés. Classification actuelle: 🔴 Critical Hotspots.

ACTIONS RECOMMANDÉES
Les autorités sanitaires doivent intervenir au cours de la semaine à venir.

ALLOCATION DES RESSOURCES (Région — Mensuel)
- Vaccins:            1,055 doses
- Kits médicaux:      169 kits
- Ambulances:         1 unités mobiles
- Personnel médical:  4 agents de santé
- Budget:             $42,200
═══════════════════════════════════════════════════════"
